event_id,index,farm_id,cow_id,ref_event_datetime,work_number,season,country,birth_date,breed,cattle_mode,rank,date_IA,terme_j,difficulty2,event_type
FR5018840103_2018-08-11,109,FR-50629038,FR5018840103,2018-08-11 23:18:00,103,ete,FR,2012-05-17T00:00:00,56,laitier,vache,2017-10-31T00:00:00,2018-08-08T00:00:00,1.0,tv_expulsion
FR4415247466_2018-08-02,20,FR-44031015,FR4415247466,2018-08-02 03:16:00,7466,ete,FR,2015-12-15T00:00:00,66,laitier,genisse,2017-08-03T00:00:00,2018-05-11T00:00:00,,tv_expulsion
FR4461734590_2018-08-02,46,FR-44170057,FR4461734590,2018-08-02 02:13:00,4590,ete,FR,2014-07-01T00:00:00,66,laitier,vache,,,,tv_expulsion
FR8521864015_2018-08-02,247,FR-85038268,FR8521864015,2018-08-02 01:03:00,4015,ete,FR,2013-09-08T00:00:00,66,laitier,vache,2017-10-21T00:00:00,2018-07-29T00:00:00,1.0,tv_expulsion
FR8543515757_2018-07-31,260,FR-85150056,FR8543515757,2018-07-31 17:20:00,5757,ete,FR,2013-04-17T00:00:00,66,laitier,vache,2017-10-24T00:00:00,2018-08-01T00:00:00,1.0,tv_expulsion
FR5355716292_2018-07-30,203,FR-53237150,FR5355716292,2018-07-30 09:34:00,6292,ete,FR,2016-07-26T00:00:00,66,laitier,genisse,2017-10-20T00:00:00,2018-07-28T00:00:00,,tv_expulsion
FR5018840247_2018-07-29,111,FR-50629038,FR5018840247,2018-07-29 10:54:00,247,ete,FR,2013-08-01T00:00:00,56,laitier,vache,2017-10-16T00:00:00,2018-07-24T00:00:00,1.0,tv_expulsion
FR8521864242_2018-07-29,254,FR-85038268,FR8521864242,2018-07-29 05:39:00,4242,ete,FR,2016-08-07T00:00:00,66,laitier,genisse,2017-10-15T00:00:00,2018-07-23T00:00:00,1.0,tv_expulsion
FR7652231954_2018-07-28,243,FR-76703135,FR7652231954,2018-07-28 20:37:00,1954,ete,FR,2014-10-30T00:00:00,66,laitier,vache,2017-10-27T00:00:00,2018-08-04T00:00:00,3.0,tv_expulsion
FR8543515894_2018-07-26,272,FR-85150056,FR8543515894,2018-07-26 15:17:00,5894,ete,FR,2015-08-02T00:00:00,66,laitier,vache,2017-10-22T00:00:00,2018-07-30T00:00:00,1.0,tv_expulsion
FR4461734581_2018-07-25,45,FR-44170057,FR4461734581,2018-07-25 18:46:00,4581,ete,FR,2014-03-23T00:00:00,66,laitier,vache,2017-10-18T00:00:00,2018-07-26T00:00:00,,tv_expulsion
FR8543521030_2018-07-25,277,FR-85150060,FR8543521030,2018-07-25 17:05:00,1030,ete,FR,2012-07-11T00:00:00,66,laitier,vache,2017-10-17T00:00:00,2018-07-25T00:00:00,1.0,tv_expulsion
FR4406798920_2018-07-25,12,FR-44017164,FR4406798920,2018-07-25 03:09:00,8920,ete,FR,2013-04-15T00:00:00,66,laitier,vache,2017-10-18T00:00:00,2018-07-26T00:00:00,,tv_expulsion
FR5355715882_2018-07-24,194,FR-53237150,FR5355715882,2018-07-24 17:33:00,5882,ete,FR,2011-12-03T00:00:00,66,laitier,vache,2017-10-21T00:00:00,2018-07-29T00:00:00,,tv_expulsion
FR8521863881_2018-07-24,245,FR-85038268,FR8521863881,2018-07-24 03:45:00,3881,ete,FR,2011-09-25T00:00:00,66,laitier,vache,2017-10-16T00:00:00,2018-07-24T00:00:00,1.0,tv_expulsion
FR8543515895_2018-07-23,273,FR-85150056,FR8543515895,2018-07-23 18:47:00,5895,ete,FR,2015-08-05T00:00:00,66,laitier,vache,2017-10-23T00:00:00,2018-07-31T00:00:00,1.0,tv_expulsion
FR4445614012_2018-07-23,31,FR-44118046,FR4445614012,2018-07-23 16:14:00,4012,ete,FR,2014-08-09T00:00:00,66,laitier,vache,2017-10-13T00:00:00,2018-07-21T00:00:00,,tv_expulsion
FR8543515770_2018-07-23,263,FR-85150056,FR8543515770,2018-07-23 13:16:00,5770,ete,FR,2013-08-11T00:00:00,66,laitier,vache,2017-10-12T00:00:00,2018-07-20T00:00:00,1.0,tv_expulsion
FR8543521194_2018-07-22,281,FR-85150060,FR8543521194,2018-07-22 06:49:00,1194,ete,FR,2015-05-23T00:00:00,66,laitier,vache,2017-10-16T00:00:00,2018-07-24T00:00:00,1.0,tv_expulsion
FR5355716186_2018-07-22,196,FR-53237150,FR5355716186,2018-07-22 03:05:00,6186,ete,FR,2015-05-09T00:00:00,66,laitier,vache,2017-10-11T00:00:00,2018-07-19T00:00:00,,tv_expulsion
FR4461734623_2018-07-21,48,FR-44170057,FR4461734623,2018-07-21 07:13:00,4623,ete,FR,2015-04-09T00:00:00,66,laitier,vache,2017-10-18T00:00:00,2018-07-26T00:00:00,,tv_expulsion
FR4415247472_2018-07-20,21,FR-44031015,FR4415247472,2018-07-20 19:32:00,7472,ete,FR,2015-12-29T00:00:00,66,laitier,genisse,2017-07-31T00:00:00,2018-05-08T00:00:00,,tv_expulsion
FR5018840381_2018-07-19,112,FR-50629038,FR5018840381,2018-07-19 20:22:00,381,ete,FR,2014-05-22T00:00:00,56,laitier,vache,2017-10-09T00:00:00,2018-07-17T00:00:00,2.0,tv_expulsion
FR4461734519_2018-07-19,41,FR-44170057,FR4461734519,2018-07-19 09:55:00,4519,ete,FR,2012-12-21T00:00:00,60,laitier,vache,2017-10-10T00:00:00,2018-07-18T00:00:00,,tv_expulsion
FR8543521195_2018-07-19,282,FR-85150060,FR8543521195,2018-07-19 04:30:00,1195,ete,FR,2015-06-17T00:00:00,66,laitier,vache,2017-10-06T00:00:00,2018-07-14T00:00:00,1.0,tv_expulsion
FR4445613975_2018-07-16,28,FR-44118046,FR4445613975,2018-07-16 17:41:00,3975,ete,FR,2012-10-07T00:00:00,66,laitier,vache,2017-10-07T00:00:00,2018-07-15T00:00:00,,tv_expulsion
FR4435533237_2018-07-16,25,FR-44082377,FR4435533237,2018-07-16 06:04:00,3237,ete,FR,2014-07-02T00:00:00,66,laitier,vache,,,,tv_expulsion
FR8521864250_2018-07-16,256,FR-85038268,FR8521864250,2018-07-16 03:03:00,4250,ete,FR,2016-09-07T00:00:00,66,laitier,genisse,2017-10-10T00:00:00,2018-07-18T00:00:00,2.0,tv_expulsion
FR4461734504_2018-07-15,40,FR-44170057,FR4461734504,2018-07-15 08:12:00,4504,ete,FR,2012-07-29T00:00:00,66,laitier,vache,2017-10-09T00:00:00,2018-07-17T00:00:00,,tv_expulsion
FR8521864036_2018-07-15,248,FR-85038268,FR8521864036,2018-07-15 01:27:00,4036,ete,FR,2013-11-29T00:00:00,66,laitier,vache,2017-10-10T00:00:00,2018-07-18T00:00:00,1.0,tv_expulsion
FR8543515803_2018-07-14,266,FR-85150056,FR8543515803,2018-07-14 15:15:00,5803,ete,FR,2014-04-07T00:00:00,66,laitier,vache,2017-10-10T00:00:00,2018-07-18T00:00:00,1.0,tv_expulsion
FR8548004113_2018-07-14,55,FR-44187387,FR8548004113,2018-07-14 10:24:00,4113,ete,FR,2014-10-25T00:00:00,66,laitier,vache,2017-10-05T00:00:00,2018-07-13T00:00:00,,tv_expulsion
FR5337521568_2018-07-14,128,FR-53011141,FR5337521568,2018-07-14 02:53:00,1568,ete,FR,2013-11-16T00:00:00,66,laitier,vache,2017-10-05T00:00:00,2018-07-13T00:00:00,,tv_expulsion
FR5018840582_2018-07-13,113,FR-50629038,FR5018840582,2018-07-13 23:42:00,582,ete,FR,2015-07-26T00:00:00,56,laitier,vache,2017-10-02T00:00:00,2018-07-10T00:00:00,,tv_expulsion
FR8521864245_2018-07-13,255,FR-85038268,FR8521864245,2018-07-13 06:07:00,4245,ete,FR,2016-08-26T00:00:00,66,laitier,genisse,2017-10-10T00:00:00,2018-07-18T00:00:00,1.0,tv_expulsion
FR5355716203_2018-07-13,198,FR-53237150,FR5355716203,2018-07-13 04:50:00,6203,ete,FR,2015-08-25T00:00:00,66,laitier,vache,2017-10-09T00:00:00,2018-07-17T00:00:00,,tv_expulsion
FR8543515817_2018-07-13,267,FR-85150056,FR8543515817,2018-07-13 02:15:00,5817,ete,FR,2014-08-16T00:00:00,66,laitier,vache,2017-10-01T00:00:00,2018-07-09T00:00:00,1.0,tv_expulsion
FR8543515802_2018-07-13,265,FR-85150056,FR8543515802,2018-07-13 01:56:00,5802,ete,FR,2014-04-06T00:00:00,66,laitier,vache,2017-10-05T00:00:00,2018-07-13T00:00:00,1.0,tv_expulsion
FR5030520408_2018-07-12,94,FR-50464182,FR5030520408,2018-07-12 20:49:00,408,ete,FR,2014-06-13T00:00:00,66,laitier,vache,2017-10-05T00:00:00,2018-07-13T00:00:00,2.0,tv_expulsion
FR8556184739_2018-07-12,292,FR-85217209,FR8556184739,2018-07-12 16:44:00,4739,ete,FR,2014-05-27T00:00:00,66,laitier,vache,2017-09-25T00:00:00,2018-07-03T00:00:00,1.0,tv_expulsion
FR4461734674_2018-07-12,50,FR-44170057,FR4461734674,2018-07-12 15:18:00,4674,ete,FR,2016-06-30T00:00:00,66,laitier,genisse,2017-10-09T00:00:00,2018-07-17T00:00:00,,tv_expulsion
FR5352486668_2018-07-12,153,FR-53100355,FR5352486668,2018-07-12 13:44:00,6668,ete,FR,2013-01-28T00:00:00,66,laitier,vache,2017-09-26T00:00:00,2018-07-04T00:00:00,,tv_expulsion
FR4445614032_2018-07-12,32,FR-44118046,FR4445614032,2018-07-12 12:35:00,4032,ete,FR,2014-12-22T00:00:00,66,laitier,vache,,,,tv_expulsion
FR4461122004_2018-07-12,36,FR-44165243,FR4461122004,2018-07-12 10:20:00,2004,ete,FR,2013-10-02T00:00:00,66,laitier,vache,2017-10-04T00:00:00,2018-07-12T00:00:00,,tv_expulsion
FR5337521668_2018-07-12,133,FR-53011141,FR5337521668,2018-07-12 07:39:00,1668,ete,FR,2015-06-06T00:00:00,66,laitier,vache,2017-10-02T00:00:00,2018-07-10T00:00:00,,tv_expulsion
FR8556184801_2018-07-11,294,FR-85217209,FR8556184801,2018-07-11 21:51:00,4801,ete,FR,2016-05-26T00:00:00,66,laitier,genisse,2017-10-10T00:00:00,2018-07-18T00:00:00,1.0,tv_expulsion
FR8574593109_2018-07-10,64,FR-44191012,FR8574593109,2018-07-10 20:25:00,3109,ete,FR,2015-05-05T00:00:00,66,laitier,vache,2017-10-01T00:00:00,2018-07-09T00:00:00,,tv_expulsion
FR7652231971_2018-07-10,244,FR-76703135,FR7652231971,2018-07-10 14:49:00,1971,ete,FR,2015-03-30T00:00:00,66,laitier,vache,2017-10-08T00:00:00,2018-07-16T00:00:00,3.0,tv_expulsion
FR8556184769_2018-07-10,293,FR-85217209,FR8556184769,2018-07-10 14:36:00,4769,ete,FR,2015-05-27T00:00:00,66,laitier,vache,2017-10-03T00:00:00,2018-07-11T00:00:00,1.0,tv_expulsion
FR4445614041_2018-07-10,33,FR-44118046,FR4445614041,2018-07-10 07:34:00,4041,ete,FR,2015-02-18T00:00:00,66,laitier,vache,2017-09-29T00:00:00,2018-07-07T00:00:00,,tv_expulsion
FR8543521197_2018-07-10,283,FR-85150060,FR8543521197,2018-07-10 07:23:00,1197,ete,FR,2015-06-19T00:00:00,66,laitier,vache,2017-10-01T00:00:00,2018-07-09T00:00:00,1.0,tv_expulsion
FR5020670067_2018-07-09,116,FR-50629038,FR5020670067,2018-07-09 18:19:00,67,ete,FR,2012-07-17T00:00:00,56,laitier,vache,2017-09-30T00:00:00,2018-07-08T00:00:00,1.0,tv_expulsion
FR4445610026_2018-07-09,27,FR-44118046,FR4445610026,2018-07-09 04:12:00,26,ete,FR,2016-05-09T00:00:00,66,laitier,genisse,2017-10-03T00:00:00,2018-07-11T00:00:00,,tv_expulsion
FR5337521665_2018-07-08,132,FR-53011141,FR5337521665,2018-07-08 19:31:00,1665,ete,FR,2015-03-31T00:00:00,66,laitier,vache,2017-10-06T00:00:00,2018-07-14T00:00:00,,tv_expulsion
FR4461122094_2018-07-08,39,FR-44165243,FR4461122094,2018-07-08 08:32:00,2094,ete,FR,2016-01-15T00:00:00,66,laitier,genisse,2017-09-29T00:00:00,2018-07-07T00:00:00,,tv_expulsion
FR4461734531_2018-07-07,42,FR-44170057,FR4461734531,2018-07-07 13:27:00,4531,ete,FR,2013-05-03T00:00:00,66,laitier,vache,2017-10-01T00:00:00,2018-07-09T00:00:00,,tv_expulsion
FR1443432827_2018-07-07,2,FR-14153001,FR1443432827,2018-07-07 02:58:00,2827,ete,FR,2012-01-15T00:00:00,56,laitier,vache,2017-09-23T00:00:00,2018-07-01T00:00:00,2.0,tv_expulsion
FR8543515765_2018-07-06,262,FR-85150056,FR8543515765,2018-07-06 22:02:00,5765,ete,FR,2013-07-20T00:00:00,66,laitier,vache,2017-09-27T00:00:00,2018-07-05T00:00:00,1.0,tv_expulsion
FR4466101483_2018-07-06,54,FR-44187387,FR4466101483,2018-07-06 09:43:00,1483,ete,FR,2015-01-15T00:00:00,66,laitier,vache,2017-10-03T00:00:00,2018-07-11T00:00:00,,tv_expulsion
FR5030520510_2018-07-06,97,FR-50464182,FR5030520510,2018-07-06 03:45:00,510,ete,FR,2015-07-11T00:00:00,66,laitier,vache,2017-09-30T00:00:00,2018-07-08T00:00:00,1.0,tv_expulsion
FR8543529946_2018-07-05,287,FR-85150060,FR8543529946,2018-07-05 20:15:00,9946,ete,FR,2010-08-10T00:00:00,66,laitier,vache,2017-10-02T00:00:00,2018-07-10T00:00:00,1.0,tv_expulsion
FR4468980104_2018-07-05,61,FR-44191012,FR4468980104,2018-07-05 13:22:00,104,ete,FR,2014-05-16T00:00:00,66,laitier,vache,2017-09-30T00:00:00,2018-07-08T00:00:00,,tv_expulsion
FR4435533209_2018-07-05,22,FR-44082377,FR4435533209,2018-07-05 08:50:00,3209,ete,FR,2013-08-09T00:00:00,66,laitier,vache,,,,tv_expulsion
FR4468980119_2018-07-05,63,FR-44191012,FR4468980119,2018-07-05 07:05:00,119,ete,FR,2014-10-13T00:00:00,66,laitier,vache,2017-09-25T00:00:00,2018-07-03T00:00:00,,tv_expulsion
FR4466980317_2018-07-04,60,FR-44191012,FR4466980317,2018-07-04 19:09:00,317,ete,FR,2015-12-21T00:00:00,66,laitier,genisse,2017-09-26T00:00:00,2018-07-04T00:00:00,,tv_expulsion
FR4445614006_2018-07-04,30,FR-44118046,FR4445614006,2018-07-04 15:34:00,4006,ete,FR,2014-04-12T00:00:00,66,laitier,vache,2017-09-28T00:00:00,2018-07-06T00:00:00,,tv_expulsion
FR5018840645_2018-07-04,115,FR-50629038,FR5018840645,2018-07-04 07:46:00,645,ete,FR,2015-12-22T00:00:00,66,laitier,genisse,2017-09-29T00:00:00,2018-07-07T00:00:00,1.0,tv_expulsion
FR5018840240_2018-07-04,110,FR-50629038,FR5018840240,2018-07-04 02:49:00,240,ete,FR,2013-07-23T00:00:00,56,laitier,vache,2017-09-23T00:00:00,2018-07-01T00:00:00,1.0,tv_expulsion
FR8543521271_2018-07-03,286,FR-85150060,FR8543521271,2018-07-03 22:54:00,1271,ete,FR,2016-06-21T00:00:00,66,laitier,genisse,2017-09-25T00:00:00,2018-07-03T00:00:00,3.0,tv_expulsion
FR4461734671_2018-07-03,49,FR-44170057,FR4461734671,2018-07-03 09:12:00,4671,ete,FR,2016-06-10T00:00:00,66,laitier,genisse,2017-09-29T00:00:00,2018-07-07T00:00:00,,tv_expulsion
FR4415247359_2018-07-02,17,FR-44031015,FR4415247359,2018-07-02 19:34:00,7359,ete,FR,2012-11-16T00:00:00,66,laitier,vache,2017-09-28T00:00:00,2018-07-06T00:00:00,,tv_expulsion
FR5337521645_2018-07-02,129,FR-53011141,FR5337521645,2018-07-02 15:10:00,1645,ete,FR,2014-07-31T00:00:00,66,laitier,vache,2017-09-30T00:00:00,2018-07-08T00:00:00,,tv_expulsion
FR4466980316_2018-07-01,59,FR-44191012,FR4466980316,2018-07-01 08:34:00,316,ete,FR,2015-12-12T00:00:00,66,laitier,genisse,2017-09-26T00:00:00,2018-07-04T00:00:00,,tv_expulsion
FR5337521727_2018-07-01,136,FR-53011141,FR5337521727,2018-07-01 05:08:00,1727,ete,FR,2016-05-27T00:00:00,66,laitier,genisse,2017-09-18T00:00:00,2018-06-26T00:00:00,,tv_expulsion
FR8543515875_2018-06-30,270,FR-85150056,FR8543515875,2018-06-30 21:21:00,5875,ete,FR,2015-04-14T00:00:00,66,laitier,vache,,,1.0,tv_expulsion
FR4461734571_2018-06-30,44,FR-44170057,FR4461734571,2018-06-30 16:02:00,4571,ete,FR,2014-01-02T00:00:00,66,laitier,vache,2017-09-25T00:00:00,2018-07-03T00:00:00,,tv_expulsion
FR4415247438_2018-06-30,19,FR-44031015,FR4415247438,2018-06-30 07:45:00,7438,ete,FR,2015-04-07T00:00:00,66,laitier,vache,2017-09-18T00:00:00,2018-06-26T00:00:00,,tv_expulsion
FR5355716190_2018-06-29,197,FR-53237150,FR5355716190,2018-06-29 16:27:00,6190,ete,FR,2015-05-27T00:00:00,66,laitier,vache,2017-09-25T00:00:00,2018-07-03T00:00:00,,tv_expulsion
FR5377863040_2018-06-29,181,FR-53158131,FR5377863040,2018-06-29 14:11:00,3040,ete,FR,2015-07-29T00:00:00,66,laitier,vache,2017-09-22T00:00:00,2018-06-30T00:00:00,,tv_expulsion
FR5018840624_2018-06-29,114,FR-50629038,FR5018840624,2018-06-29 04:01:00,624,ete,FR,2015-10-23T00:00:00,56,laitier,genisse,2017-09-22T00:00:00,2018-06-30T00:00:00,1.0,tv_expulsion
FR8543521117_2018-06-28,279,FR-85150060,FR8543521117,2018-06-28 19:51:00,1117,ete,FR,2014-04-22T00:00:00,66,laitier,vache,2017-09-15T00:00:00,2018-06-23T00:00:00,1.0,tv_expulsion
FR5008732063_2018-06-28,108,FR-50629038,FR5008732063,2018-06-28 19:10:00,2063,ete,FR,2011-01-29T00:00:00,56,laitier,vache,2017-09-23T00:00:00,2018-07-01T00:00:00,1.0,tv_expulsion
FR4461734568_2018-06-28,43,FR-44170057,FR4461734568,2018-06-28 10:28:00,4568,ete,FR,2013-12-05T00:00:00,66,laitier,vache,2017-09-18T00:00:00,2018-06-26T00:00:00,,tv_expulsion
FR5030520630_2018-06-28,104,FR-50464182,FR5030520630,2018-06-28 09:06:00,630,ete,FR,2016-07-23T00:00:00,66,laitier,genisse,2017-09-18T00:00:00,2018-06-26T00:00:00,2.0,tv_expulsion
FR8543529998_2018-06-28,288,FR-85150060,FR8543529998,2018-06-28 01:43:00,9998,ete,FR,2011-09-12T00:00:00,66,laitier,vache,2017-09-22T00:00:00,2018-06-30T00:00:00,2.0,tv_expulsion
FR4435533220_2018-06-27,24,FR-44082377,FR4435533220,2018-06-27 19:49:00,3220,ete,FR,2013-12-13T00:00:00,66,laitier,vache,,,,tv_expulsion
FR8556184708_2018-06-27,290,FR-85217209,FR8556184708,2018-06-27 15:05:00,4708,ete,FR,2012-12-02T00:00:00,66,laitier,vache,2017-09-13T00:00:00,2018-06-21T00:00:00,1.0,tv_expulsion
FR8521864234_2018-06-27,253,FR-85038268,FR8521864234,2018-06-27 14:03:00,4234,ete,FR,2016-06-24T00:00:00,66,laitier,genisse,2017-09-23T00:00:00,2018-07-01T00:00:00,2.0,tv_expulsion
FR8543515854_2018-06-27,268,FR-85150056,FR8543515854,2018-06-27 12:54:00,5854,ete,FR,2014-12-23T00:00:00,66,laitier,vache,2017-09-15T00:00:00,2018-06-23T00:00:00,1.0,tv_expulsion
FR4406798951_2018-06-27,13,FR-44017164,FR4406798951,2018-06-27 06:09:00,8951,ete,FR,2013-11-27T00:00:00,66,laitier,vache,2017-09-25T00:00:00,2018-07-03T00:00:00,,tv_expulsion
FR4461122045_2018-06-27,37,FR-44165243,FR4461122045,2018-06-27 02:17:00,2045,ete,FR,2014-10-19T00:00:00,66,laitier,vache,2017-09-16T00:00:00,2018-06-24T00:00:00,,tv_expulsion
FR8543521264_2018-06-26,285,FR-85150060,FR8543521264,2018-06-26 18:10:00,1264,ete,FR,2016-05-11T00:00:00,66,laitier,genisse,2017-09-19T00:00:00,2018-06-27T00:00:00,2.0,tv_expulsion
FR4461122056_2018-06-26,38,FR-44165243,FR4461122056,2018-06-26 11:36:00,2056,ete,FR,2014-12-25T00:00:00,66,laitier,vache,2017-09-16T00:00:00,2018-06-24T00:00:00,,tv_expulsion
FR8521864229_2018-06-26,251,FR-85038268,FR8521864229,2018-06-26 11:18:00,4229,ete,FR,2016-05-23T00:00:00,66,laitier,genisse,2017-09-19T00:00:00,2018-06-27T00:00:00,2.0,tv_expulsion
FR5377862777_2018-06-26,170,FR-53158131,FR5377862777,2018-06-26 10:20:00,2777,ete,FR,2012-09-21T00:00:00,66,laitier,vache,2017-09-18T00:00:00,2018-06-26T00:00:00,,tv_expulsion
FR8543515717_2018-06-25,259,FR-85150056,FR8543515717,2018-06-25 18:57:00,5717,ete,FR,2011-09-28T00:00:00,66,laitier,vache,2017-09-21T00:00:00,2018-06-29T00:00:00,1.0,tv_expulsion
FR4406798807_2018-06-25,10,FR-44017164,FR4406798807,2018-06-25 13:20:00,8807,ete,FR,2011-03-09T00:00:00,66,laitier,vache,2017-09-22T00:00:00,2018-06-30T00:00:00,,tv_expulsion
FR5030520328_2018-06-25,93,FR-50464182,FR5030520328,2018-06-25 10:43:00,328,ete,FR,2013-08-15T00:00:00,66,laitier,vache,2017-09-18T00:00:00,2018-06-26T00:00:00,1.0,tv_expulsion
FR5355716283_2018-06-25,202,FR-53237150,FR5355716283,2018-06-25 09:57:00,6283,ete,FR,2016-06-24T00:00:00,66,laitier,genisse,2017-09-20T00:00:00,2018-06-28T00:00:00,,tv_expulsion
FR4406799069_2018-06-25,16,FR-44017164,FR4406799069,2018-06-25 08:43:00,9069,ete,FR,2016-02-09T00:00:00,66,laitier,genisse,2017-09-25T00:00:00,2018-07-03T00:00:00,,tv_expulsion
FR8543521183_2018-06-24,280,FR-85150060,FR8543521183,2018-06-24 09:50:00,1183,ete,FR,2015-02-25T00:00:00,66,laitier,vache,2017-09-06T00:00:00,2018-06-14T00:00:00,2.0,tv_expulsion
FR4435533261_2018-06-24,26,FR-44082377,FR4435533261,2018-06-24 07:49:00,3261,ete,FR,2015-02-26T00:00:00,66,laitier,vache,,,,tv_expulsion
FR4406798974_2018-06-23,14,FR-44017164,FR4406798974,2018-06-23 14:22:00,8974,ete,FR,2014-04-20T00:00:00,66,laitier,vache,2017-09-21T00:00:00,2018-06-29T00:00:00,,tv_expulsion
FR5030520626_2018-06-23,103,FR-50464182,FR5030520626,2018-06-23 13:30:00,626,ete,FR,2016-07-13T00:00:00,66,laitier,genisse,2017-09-25T00:00:00,2018-07-03T00:00:00,1.0,tv_expulsion
FR8521864135_2018-06-23,249,FR-85038268,FR8521864135,2018-06-23 13:08:00,4135,ete,FR,2015-04-29T00:00:00,66,laitier,vache,2017-09-09T00:00:00,2018-06-17T00:00:00,2.0,tv_expulsion
FR5355716274_2018-06-23,200,FR-53237150,FR5355716274,2018-06-23 09:36:00,6274,ete,FR,2016-05-22T00:00:00,66,laitier,genisse,2017-09-20T00:00:00,2018-06-28T00:00:00,,tv_expulsion
FR1449843676_2018-06-23,8,FR-14518009,FR1449843676,2018-06-23 09:04:00,3676,ete,FR,2016-01-28T00:00:00,56,laitier,genisse,2017-09-09T00:00:00,2018-06-17T00:00:00,1.0,tv_expulsion
FR1449843677_2018-06-23,9,FR-14518009,FR1449843677,2018-06-23 04:49:00,3677,ete,FR,2016-02-01T00:00:00,56,laitier,genisse,2017-09-02T00:00:00,2018-06-10T00:00:00,1.0,tv_expulsion
FR8543521257_2018-06-22,284,FR-85150060,FR8543521257,2018-06-22 11:50:00,1257,ete,FR,2016-03-17T00:00:00,66,laitier,genisse,2017-09-21T00:00:00,2018-06-29T00:00:00,2.0,tv_expulsion
FR4406798991_2018-06-22,15,FR-44017164,FR4406798991,2018-06-22 11:12:00,8991,ete,FR,2014-09-10T00:00:00,66,laitier,vache,2017-09-15T00:00:00,2018-06-23T00:00:00,,tv_expulsion
FR4406798885_2018-06-22,11,FR-44017164,FR4406798885,2018-06-22 03:30:00,8885,ete,FR,2012-09-20T00:00:00,66,laitier,vache,2017-09-18T00:00:00,2018-06-26T00:00:00,,tv_expulsion
FR5025930005_2018-06-22,80,FR-50409057,FR5025930005,2018-06-22 03:10:00,5,ete,FR,2012-03-27T00:00:00,56,laitier,vache,2017-09-05T00:00:00,2018-06-13T00:00:00,1.0,tv_expulsion
FR8543515760_2018-06-22,261,FR-85150056,FR8543515760,2018-06-22 02:05:00,5760,ete,FR,2013-05-12T00:00:00,66,laitier,vache,2017-09-15T00:00:00,2018-06-23T00:00:00,1.0,tv_expulsion
FR8556184805_2018-06-21,295,FR-85217209,FR8556184805,2018-06-21 14:09:00,4805,ete,FR,2016-07-14T00:00:00,66,laitier,genisse,2017-09-22T00:00:00,2018-06-30T00:00:00,1.0,tv_expulsion
FR5030520528_2018-06-21,98,FR-50464182,FR5030520528,2018-06-21 10:57:00,528,ete,FR,2015-08-13T00:00:00,66,laitier,vache,2017-09-13T00:00:00,2018-06-21T00:00:00,1.0,tv_expulsion
FR5030520449_2018-06-21,95,FR-50464182,FR5030520449,2018-06-21 02:47:00,449,ete,FR,2014-11-17T00:00:00,66,laitier,vache,2017-09-16T00:00:00,2018-06-24T00:00:00,1.0,tv_expulsion
FR8543515888_2018-06-20,271,FR-85150056,FR8543515888,2018-06-20 13:27:00,5888,ete,FR,2015-07-04T00:00:00,66,laitier,vache,,,,tv_expulsion
FR5030520603_2018-06-20,99,FR-50464182,FR5030520603,2018-06-20 08:17:00,603,ete,FR,2016-06-04T00:00:00,66,laitier,genisse,2017-09-19T00:00:00,2018-06-27T00:00:00,1.0,tv_expulsion
FR5025930027_2018-06-20,83,FR-50409057,FR5025930027,2018-06-20 07:22:00,27,ete,FR,2012-10-04T00:00:00,56,laitier,vache,2017-09-06T00:00:00,2018-06-14T00:00:00,1.0,tv_expulsion
FR5352486907_2018-06-20,165,FR-53100355,FR5352486907,2018-06-20 01:13:00,6907,ete,FR,2015-05-04T00:00:00,66,laitier,vache,2017-09-12T00:00:00,2018-06-20T00:00:00,,tv_expulsion
FR5377667875_2018-06-19,140,FR-53082106,FR5377667875,2018-06-19 22:55:00,7875,ete,FR,2016-06-04T00:00:00,39,laitier,genisse,2017-09-14T00:00:00,2018-06-22T00:00:00,,tv_expulsion
FR4435533217_2018-06-19,23,FR-44082377,FR4435533217,2018-06-19 22:03:00,3217,ete,FR,2013-10-02T00:00:00,66,laitier,vache,,,,tv_expulsion
FR4415247435_2018-06-19,18,FR-44031015,FR4415247435,2018-06-19 17:38:00,7435,ete,FR,2015-02-18T00:00:00,66,laitier,vache,2017-09-19T00:00:00,2018-06-27T00:00:00,,tv_expulsion
FR4466101428_2018-06-19,52,FR-44187387,FR4466101428,2018-06-19 16:32:00,1428,ete,FR,2012-09-30T00:00:00,66,laitier,vache,2017-09-12T00:00:00,2018-06-20T00:00:00,,tv_expulsion
FR8543515869_2018-06-18,269,FR-85150056,FR8543515869,2018-06-18 23:43:00,5869,ete,FR,2015-03-22T00:00:00,66,laitier,vache,2017-09-06T00:00:00,2018-06-14T00:00:00,1.0,tv_expulsion
FR5377863045_2018-06-18,182,FR-53158131,FR5377863045,2018-06-18 19:17:00,3045,ete,FR,2015-09-19T00:00:00,66,laitier,genisse,,,,tv_expulsion
FR8521864143_2018-06-18,250,FR-85038268,FR8521864143,2018-06-18 09:30:00,4143,ete,FR,2015-06-11T00:00:00,66,laitier,vache,2017-09-16T00:00:00,2018-06-24T00:00:00,1.0,tv_expulsion
FR4445614005_2018-06-18,29,FR-44118046,FR4445614005,2018-06-18 04:16:00,4005,ete,FR,2014-03-11T00:00:00,66,laitier,vache,2017-09-14T00:00:00,2018-06-22T00:00:00,,tv_expulsion
FR4461734621_2018-06-16,47,FR-44170057,FR4461734621,2018-06-16 19:30:00,4621,ete,FR,2015-03-21T00:00:00,66,laitier,vache,2017-09-14T00:00:00,2018-06-22T00:00:00,,tv_expulsion
FR5355716277_2018-06-16,201,FR-53237150,FR5355716277,2018-06-16 18:56:00,6277,ete,FR,2016-05-28T00:00:00,66,laitier,genisse,,,,tv_expulsion
FR5377667879_2018-06-16,142,FR-53082106,FR5377667879,2018-06-16 15:05:00,7879,ete,FR,2016-06-24T00:00:00,66,laitier,genisse,2017-09-14T00:00:00,2018-06-22T00:00:00,,tv_expulsion
FR5025931408_2018-06-15,85,FR-50409057,FR5025931408,2018-06-15 21:59:00,1408,ete,FR,2014-04-16T00:00:00,56,laitier,vache,2017-08-31T00:00:00,2018-06-08T00:00:00,1.0,tv_expulsion
FR1443433039_2018-06-15,5,FR-14153001,FR1443433039,2018-06-15 02:26:00,3039,ete,FR,2014-06-25T00:00:00,56,laitier,vache,,,,tv_expulsion
FR5377667878_2018-06-14,141,FR-53082106,FR5377667878,2018-06-14 19:26:00,7878,ete,FR,2016-06-24T00:00:00,66,laitier,genisse,2017-09-13T00:00:00,2018-06-21T00:00:00,,tv_expulsion
FR7652231936_2018-06-14,242,FR-76703135,FR7652231936,2018-06-14 04:17:00,1936,ete,FR,2014-09-07T00:00:00,66,laitier,vache,2017-09-07T00:00:00,2018-06-15T00:00:00,3.0,tv_expulsion
FR8543515793_2018-06-13,264,FR-85150056,FR8543515793,2018-06-13 22:09:00,5793,ete,FR,2013-11-29T00:00:00,66,laitier,vache,2017-09-16T00:00:00,2018-06-24T00:00:00,2.0,tv_expulsion
FR5030520617_2018-06-13,102,FR-50464182,FR5030520617,2018-06-13 21:18:00,617,ete,FR,2016-06-23T00:00:00,66,laitier,genisse,2017-09-09T00:00:00,2018-06-17T00:00:00,1.0,tv_expulsion
FR8543521103_2018-06-13,278,FR-85150060,FR8543521103,2018-06-13 18:19:00,1103,ete,FR,2013-12-15T00:00:00,66,laitier,vache,,,,tv_expulsion
FR8521863988_2018-06-13,246,FR-85038268,FR8521863988,2018-06-13 17:44:00,3988,ete,FR,2013-04-24T00:00:00,66,laitier,vache,2017-09-06T00:00:00,2018-06-14T00:00:00,1.0,tv_expulsion
FR4445614042_2018-06-13,34,FR-44118046,FR4445614042,2018-06-13 15:24:00,4042,ete,FR,2015-02-22T00:00:00,66,laitier,vache,2017-09-11T00:00:00,2018-06-19T00:00:00,,tv_expulsion
FR1443432777_2018-06-13,1,FR-14153001,FR1443432777,2018-06-13 14:14:00,2777,ete,FR,2011-08-24T00:00:00,56,laitier,vache,,,,tv_expulsion
FR5355716273_2018-06-13,199,FR-53237150,FR5355716273,2018-06-13 09:32:00,6273,ete,FR,2016-05-15T00:00:00,66,laitier,genisse,2017-09-16T00:00:00,2018-06-24T00:00:00,,tv_expulsion
FR5355715877_2018-06-12,193,FR-53237150,FR5355715877,2018-06-12 21:20:00,5877,ete,FR,2011-11-14T00:00:00,66,laitier,vache,2017-09-14T00:00:00,2018-06-22T00:00:00,,tv_expulsion
FR4466101458_2018-06-12,53,FR-44187387,FR4466101458,2018-06-12 10:52:00,1458,ete,FR,2014-04-21T00:00:00,66,laitier,vache,2017-09-07T00:00:00,2018-06-15T00:00:00,,tv_expulsion
FR8556184707_2018-06-12,289,FR-85217209,FR8556184707,2018-06-12 05:49:00,4707,ete,FR,2012-11-28T00:00:00,66,laitier,vache,2017-09-08T00:00:00,2018-06-16T00:00:00,1.0,tv_expulsion
FR5355715979_2018-06-12,195,FR-53237150,FR5355715979,2018-06-12 01:56:00,5979,ete,FR,2013-01-07T00:00:00,66,laitier,vache,2017-09-09T00:00:00,2018-06-17T00:00:00,,tv_expulsion
FR8521864230_2018-06-11,252,FR-85038268,FR8521864230,2018-06-11 08:08:00,4230,ete,FR,2016-05-28T00:00:00,66,laitier,genisse,2017-09-06T00:00:00,2018-06-14T00:00:00,2.0,tv_expulsion
FR4450932566_2018-06-11,35,FR-44131616,FR4450932566,2018-06-11 06:58:00,2566,ete,FR,2016-03-22T00:00:00,66,laitier,genisse,2017-09-10T00:00:00,2018-06-18T00:00:00,,tv_expulsion
FR8556184731_2018-06-11,291,FR-85217209,FR8556184731,2018-06-11 01:30:00,4731,ete,FR,2013-10-28T00:00:00,66,laitier,vache,2017-09-10T00:00:00,2018-06-18T00:00:00,1.0,tv_expulsion
FR1443432772_2018-06-10,0,FR-14153001,FR1443432772,2018-06-10 06:58:00,2772,ete,FR,2011-08-02T00:00:00,56,laitier,vache,2017-08-31T00:00:00,2018-06-08T00:00:00,1.0,tv_expulsion
FR1449843647_2018-06-10,7,FR-14518009,FR1449843647,2018-06-10 03:38:00,3647,ete,FR,2015-10-22T00:00:00,56,laitier,genisse,2017-09-13T00:00:00,2018-06-21T00:00:00,1.0,tv_expulsion
FR5030520505_2018-06-09,96,FR-50464182,FR5030520505,2018-06-09 22:41:00,505,ete,FR,2015-07-06T00:00:00,66,laitier,vache,,,,tv_expulsion
FR5337521658_2018-06-09,131,FR-53011141,FR5337521658,2018-06-09 04:03:00,1658,ete,FR,2014-11-17T00:00:00,66,laitier,vache,2017-08-31T00:00:00,2018-06-08T00:00:00,,tv_expulsion
FR5337521717_2018-06-07,134,FR-53011141,FR5337521717,2018-06-07 23:22:00,1717,ete,FR,2016-03-27T00:00:00,66,laitier,genisse,2017-09-09T00:00:00,2018-06-17T00:00:00,,tv_expulsion
FR5352486911_2018-06-06,166,FR-53100355,FR5352486911,2018-06-06 20:36:00,6911,ete,FR,2015-05-12T00:00:00,66,laitier,vache,2017-08-30T00:00:00,2018-06-07T00:00:00,,tv_expulsion
FR5030520604_2018-06-06,100,FR-50464182,FR5030520604,2018-06-06 09:38:00,604,ete,FR,2016-06-04T00:00:00,66,laitier,genisse,2017-08-26T00:00:00,2018-06-03T00:00:00,1.0,tv_expulsion
FR5377667622_2018-06-05,138,FR-53082106,FR5377667622,2018-06-05 08:21:00,7622,ete,FR,2012-06-14T00:00:00,66,laitier,vache,2017-10-04T00:00:00,2018-07-12T00:00:00,,tv_expulsion
FR5030520612_2018-06-04,101,FR-50464182,FR5030520612,2018-06-04 15:33:00,612,ete,FR,2016-06-12T00:00:00,66,laitier,genisse,2017-08-30T00:00:00,2018-06-07T00:00:00,1.0,tv_expulsion
FR5355716293_2018-06-04,204,FR-53237150,FR5355716293,2018-06-04 08:27:00,6293,ete,FR,2016-07-27T00:00:00,66,laitier,genisse,2017-09-05T00:00:00,2018-06-13T00:00:00,,tv_expulsion
FR7609133799_2018-06-03,228,FR-76041058,FR7609133799,2018-06-03 17:57:00,3799,ete,FR,2014-06-06T00:00:00,66,laitier,vache,2017-08-25T00:00:00,2018-06-02T00:00:00,1.0,tv_expulsion
FR5377667776_2018-06-02,139,FR-53082106,FR5377667776,2018-06-02 20:23:00,7776,ete,FR,2015-01-07T00:00:00,66,laitier,vache,2017-08-23T00:00:00,2018-05-31T00:00:00,,tv_expulsion
FR5337521725_2018-06-01,135,FR-53011141,FR5337521725,2018-06-01 17:21:00,1725,ete,FR,2016-05-14T00:00:00,66,laitier,genisse,2017-08-27T00:00:00,2018-06-04T00:00:00,,tv_expulsion
FR7609134056_2018-05-31,231,FR-76041058,FR7609134056,2018-05-31 07:25:00,4056,printemps,FR,2016-05-07T00:00:00,66,laitier,genisse,2017-09-02T00:00:00,2018-06-10T00:00:00,,tv_expulsion
FR1443432889_2018-05-30,3,FR-14153001,FR1443432889,2018-05-30 21:17:00,2889,printemps,FR,2012-11-13T00:00:00,56,laitier,vache,2017-08-16T00:00:00,2018-05-24T00:00:00,1.0,tv_expulsion
FR7609133605_2018-05-30,227,FR-76041058,FR7609133605,2018-05-30 15:00:00,3605,printemps,FR,2012-08-22T00:00:00,66,laitier,vache,2017-08-30T00:00:00,2018-06-07T00:00:00,1.0,tv_expulsion
FR5337521656_2018-05-29,130,FR-53011141,FR5337521656,2018-05-29 23:59:00,1656,printemps,FR,2014-11-07T00:00:00,66,laitier,vache,2017-08-26T00:00:00,2018-06-03T00:00:00,,tv_expulsion
FR1443433052_2018-05-28,6,FR-14153001,FR1443433052,2018-05-28 00:56:00,3052,printemps,FR,2014-07-24T00:00:00,56,laitier,vache,2017-08-15T00:00:00,2018-05-23T00:00:00,1.0,tv_expulsion
FR6044435868_2018-05-27,226,FR-76041058,FR6044435868,2018-05-27 20:25:00,5868,printemps,FR,2014-03-20T00:00:00,66,laitier,vache,2017-08-23T00:00:00,2018-05-31T00:00:00,1.0,tv_expulsion
FR5025931603_2018-05-27,89,FR-50409057,FR5025931603,2018-05-27 02:42:00,1603,printemps,FR,2016-04-08T00:00:00,56,laitier,genisse,2017-08-21T00:00:00,2018-05-29T00:00:00,1.0,tv_expulsion
FR5359829353_2018-05-27,137,FR-53082106,FR5359829353,2018-05-27 02:06:00,9353,printemps,FR,2013-11-01T00:00:00,66,laitier,vache,2017-08-30T00:00:00,2018-06-07T00:00:00,,tv_expulsion
FR5025931430_2018-05-26,88,FR-50409057,FR5025931430,2018-05-26 07:44:00,1430,printemps,FR,2014-10-27T00:00:00,56,laitier,vache,2017-08-13T00:00:00,2018-05-21T00:00:00,1.0,tv_expulsion
FR1443432997_2018-05-25,4,FR-14153001,FR1443432997,2018-05-25 21:03:00,2997,printemps,FR,2013-12-07T00:00:00,56,laitier,vache,2017-08-14T00:00:00,2018-05-22T00:00:00,1.0,tv_expulsion
FR7609133981_2018-05-23,230,FR-76041058,FR7609133981,2018-05-23 16:48:00,3981,printemps,FR,2015-09-20T00:00:00,66,laitier,genisse,2017-08-21T00:00:00,2018-05-29T00:00:00,1.0,tv_expulsion
FR5042785127_2018-05-22,107,FR-50515030,FR5042785127,2018-05-22 06:26:00,5127,printemps,FR,2016-05-25T00:00:00,66,laitier,genisse,2017-08-21T00:00:00,2018-05-29T00:00:00,2.0,tv_expulsion
FR7609133847_2018-05-22,229,FR-76041058,FR7609133847,2018-05-22 00:25:00,3847,printemps,FR,2014-09-06T00:00:00,66,laitier,vache,2017-08-16T00:00:00,2018-05-24T00:00:00,1.0,tv_expulsion
FR5377862920_2018-05-21,176,FR-53158131,FR5377862920,2018-05-21 14:03:00,2920,printemps,FR,2014-06-01T00:00:00,66,laitier,vache,2017-08-07T00:00:00,2018-05-15T00:00:00,,tv_expulsion
FR5377863078_2018-05-21,187,FR-53158131,FR5377863078,2018-05-21 04:35:00,3078,printemps,FR,2016-01-27T00:00:00,66,laitier,genisse,2017-08-14T00:00:00,2018-05-22T00:00:00,,tv_expulsion
FR5352486862_2018-05-20,164,FR-53100355,FR5352486862,2018-05-20 18:24:00,6862,printemps,FR,2014-10-31T00:00:00,56,laitier,vache,2017-08-11T00:00:00,2018-05-19T00:00:00,,tv_expulsion
FR5352486859_2018-05-13,163,FR-53100355,FR5352486859,2018-05-13 10:59:00,6859,printemps,FR,2014-10-28T00:00:00,66,laitier,vache,2017-08-05T00:00:00,2018-05-13T00:00:00,,tv_expulsion
FR5377862875_2018-05-12,174,FR-53158131,FR5377862875,2018-05-12 01:11:00,2875,printemps,FR,2013-11-18T00:00:00,66,laitier,vache,2017-07-17T00:00:00,2018-04-24T00:00:00,,tv_expulsion
FR5377863011_2018-05-10,178,FR-53158131,FR5377863011,2018-05-10 15:35:00,3011,printemps,FR,2014-12-14T00:00:00,66,laitier,vache,2017-08-03T00:00:00,2018-05-11T00:00:00,,tv_expulsion
FR5352486763_2018-05-10,157,FR-53100355,FR5352486763,2018-05-10 12:13:00,6763,printemps,FR,2014-01-15T00:00:00,66,laitier,vache,2017-07-26T00:00:00,2018-05-03T00:00:00,,tv_expulsion
FR5377863085_2018-05-07,188,FR-53158131,FR5377863085,2018-05-07 15:03:00,3085,printemps,FR,2016-02-15T00:00:00,66,laitier,genisse,,,,tv_expulsion
FR5033300061_2018-05-05,105,FR-50515030,FR5033300061,2018-05-05 21:49:00,61,printemps,FR,2013-08-19T00:00:00,66,laitier,vache,2017-08-07T00:00:00,2018-05-15T00:00:00,1.0,tv_expulsion
FR7652231817_2018-04-28,241,FR-76703135,FR7652231817,2018-04-28 10:35:00,1817,printemps,FR,2011-12-31T00:00:00,66,laitier,vache,,,3.0,tv_expulsion
FR5377862865_2018-04-26,173,FR-53158131,FR5377862865,2018-04-26 06:35:00,2865,printemps,FR,2013-10-17T00:00:00,66,laitier,vache,2017-07-21T00:00:00,2018-04-28T00:00:00,,tv_expulsion
FR5377863023_2018-04-25,180,FR-53158131,FR5377863023,2018-04-25 18:47:00,3023,printemps,FR,2015-03-02T00:00:00,66,laitier,vache,2017-07-21T00:00:00,2018-04-28T00:00:00,,tv_expulsion
FR5352486693_2018-04-25,156,FR-53100355,FR5352486693,2018-04-25 01:49:00,6693,printemps,FR,2013-05-30T00:00:00,66,laitier,vache,2017-07-16T00:00:00,2018-04-23T00:00:00,,tv_expulsion
FR5352486970_2018-04-21,168,FR-53100355,FR5352486970,2018-04-21 16:16:00,6970,printemps,FR,2015-12-12T00:00:00,66,laitier,genisse,2017-07-18T00:00:00,2018-04-25T00:00:00,,tv_expulsion
FR5033300123_2018-04-20,106,FR-50515030,FR5033300123,2018-04-20 06:49:00,123,printemps,FR,2014-08-21T00:00:00,66,laitier,vache,2017-07-13T00:00:00,2018-04-20T00:00:00,1.0,tv_expulsion
FR5377862878_2018-04-18,175,FR-53158131,FR5377862878,2018-04-18 19:21:00,2878,printemps,FR,2013-11-26T00:00:00,66,laitier,vache,2017-07-09T00:00:00,2018-04-16T00:00:00,,tv_expulsion
FR5381322421_2018-04-12,192,FR-53175021,FR5381322421,2018-04-12 05:50:00,2421,printemps,FR,2016-02-21T00:00:00,66,laitier,genisse,2017-06-30T00:00:00,2018-04-07T00:00:00,,tv_expulsion
FR5381322416_2018-04-08,191,FR-53175021,FR5381322416,2018-04-08 20:04:00,2416,printemps,FR,2016-02-11T00:00:00,66,laitier,genisse,2017-07-06T00:00:00,2018-04-13T00:00:00,,tv_expulsion
FR5377863073_2018-04-02,186,FR-53158131,FR5377863073,2018-04-02 09:47:00,3073,printemps,FR,2016-01-12T00:00:00,66,laitier,genisse,2017-06-23T00:00:00,2018-03-31T00:00:00,,tv_expulsion
FR5352486965_2018-04-01,167,FR-53100355,FR5352486965,2018-04-01 13:31:00,6965,printemps,FR,2015-11-29T00:00:00,66,laitier,genisse,2017-06-23T00:00:00,2018-03-31T00:00:00,,tv_expulsion
FR5381322318_2018-03-31,190,FR-53175021,FR5381322318,2018-03-31 11:47:00,2318,printemps,FR,2015-02-06T00:00:00,66,laitier,vache,2017-06-28T00:00:00,2018-04-05T00:00:00,,tv_expulsion
FR5352486679_2018-03-28,154,FR-53100355,FR5352486679,2018-03-28 11:05:00,6679,printemps,FR,2013-03-25T00:00:00,66,laitier,vache,2017-05-18T00:00:00,2018-02-23T00:00:00,,tv_expulsion
FR5381322243_2018-03-26,189,FR-53175021,FR5381322243,2018-03-26 22:48:00,2243,printemps,FR,2014-03-30T00:00:00,66,laitier,vache,2017-06-24T00:00:00,2018-04-01T00:00:00,,tv_expulsion
FR5352486609_2018-03-26,150,FR-53100355,FR5352486609,2018-03-26 06:25:00,6609,printemps,FR,2012-06-06T00:00:00,56,laitier,vache,2017-05-31T00:00:00,2018-03-08T00:00:00,,tv_expulsion
FR5377862824_2018-03-24,172,FR-53158131,FR5377862824,2018-03-24 11:17:00,2824,printemps,FR,2013-04-11T00:00:00,66,laitier,vache,2017-05-29T00:00:00,2018-03-06T00:00:00,,tv_expulsion
FR5025931413_2018-03-23,86,FR-50409057,FR5025931413,2018-03-23 20:33:00,1413,printemps,FR,2014-05-11T00:00:00,56,laitier,vache,2017-06-06T00:00:00,2018-03-14T00:00:00,2.0,tv_expulsion
FR5377863062_2018-03-20,184,FR-53158131,FR5377863062,2018-03-20 20:20:00,3062,printemps,FR,2015-12-08T00:00:00,66,laitier,genisse,2017-06-16T00:00:00,2018-03-24T00:00:00,,tv_expulsion
FR5377862791_2018-03-16,171,FR-53158131,FR5377862791,2018-03-16 18:35:00,2791,printemps,FR,2012-10-29T00:00:00,66,laitier,vache,2017-06-07T00:00:00,2018-03-15T00:00:00,,tv_expulsion
FR5352486653_2018-03-12,151,FR-53100355,FR5352486653,2018-03-12 15:48:00,6653,printemps,FR,2012-11-15T00:00:00,56,laitier,vache,2017-05-24T00:00:00,2018-03-01T00:00:00,,tv_expulsion
FR7274657089_2018-03-04,212,FR-72369100,FR7274657089,2018-03-04 07:24:00,7089,printemps,FR,2008-10-17T00:00:00,66,laitier,vache,,,,tv_expulsion
FR7274657336_2018-03-01,219,FR-72369100,FR7274657336,2018-03-01 10:10:00,7336,printemps,FR,2014-03-29T00:00:00,66,laitier,vache,2017-05-26T00:00:00,2018-03-03T00:00:00,,tv_expulsion
FR5025931423_2018-02-28,87,FR-50409057,FR5025931423,2018-02-28 18:17:00,1423,hiver,FR,2014-10-04T00:00:00,56,laitier,vache,2017-05-15T00:00:00,2018-02-20T00:00:00,1.0,tv_expulsion
FR5352486975_2018-02-28,169,FR-53100355,FR5352486975,2018-02-28 02:14:00,6975,hiver,FR,2015-12-30T00:00:00,66,laitier,genisse,2017-05-26T00:00:00,2018-03-03T00:00:00,,tv_expulsion
FR5025930012_2018-02-25,82,FR-50409057,FR5025930012,2018-02-25 19:40:00,12,hiver,FR,2012-05-08T00:00:00,56,laitier,vache,2017-05-15T00:00:00,2018-02-20T00:00:00,3.0,tv_expulsion
FR5352486427_2018-02-25,146,FR-53100355,FR5352486427,2018-02-25 17:40:00,6427,hiver,FR,2010-07-06T00:00:00,66,laitier,vache,2017-05-22T00:00:00,2018-02-27T00:00:00,,tv_expulsion
FR7274657433_2018-02-18,222,FR-72369100,FR7274657433,2018-02-18 01:10:00,7433,hiver,FR,2015-09-13T00:00:00,66,laitier,genisse,2017-05-19T00:00:00,2018-02-24T00:00:00,,tv_expulsion
FR5352486492_2018-01-31,147,FR-53100355,FR5352486492,2018-01-31 15:30:00,6492,hiver,FR,2011-04-04T00:00:00,56,laitier,vache,2017-04-19T00:00:00,2018-01-25T00:00:00,,tv_expulsion
FR5352486803_2018-01-31,159,FR-53100355,FR5352486803,2018-01-31 11:39:00,6803,hiver,FR,2014-06-13T00:00:00,66,laitier,vache,2017-04-26T00:00:00,2018-02-01T00:00:00,,tv_expulsion
FR6121182298_2018-01-29,205,FR-72082007,FR6121182298,2018-01-29 20:03:00,2298,hiver,FR,2013-09-01T00:00:00,66,laitier,vache,2017-04-25T00:00:00,2018-01-31T00:00:00,,tv_expulsion
FR5352486857_2018-01-23,162,FR-53100355,FR5352486857,2018-01-23 23:20:00,6857,hiver,FR,2014-10-23T00:00:00,66,laitier,vache,2017-04-22T00:00:00,2018-01-28T00:00:00,,tv_expulsion
FR5352486663_2018-01-09,152,FR-53100355,FR5352486663,2018-01-09 23:10:00,6663,hiver,FR,2012-12-23T00:00:00,66,laitier,vache,2017-04-04T00:00:00,2018-01-10T00:00:00,,tv_expulsion
FR5300174617_2018-01-07,127,FR-53011094,FR5300174617,2018-01-07 07:36:00,4617,hiver,FR,2013-12-01T00:00:00,66,laitier,vache,2017-04-08T00:00:00,2018-01-14T00:00:00,,tv_expulsion
FR5352486796_2018-01-06,158,FR-53100355,FR5352486796,2018-01-06 13:55:00,6796,hiver,FR,2014-05-28T00:00:00,66,laitier,vache,2017-03-23T00:00:00,2017-12-29T00:00:00,,tv_expulsion
FR5043710122_2018-01-03,124,FR-50630048,FR5043710122,2018-01-03 19:15:00,122,hiver,FR,2014-08-05T00:00:00,66,laitier,vache,2017-03-29T00:00:00,2018-01-04T00:00:00,2.0,tv_expulsion
FR7227581218_2017-12-27,206,FR-72082007,FR7227581218,2017-12-27 01:02:00,1218,hiver,FR,2011-12-10T00:00:00,66,laitier,vache,,,,tv_expulsion
FR5032150062_2017-12-18,118,FR-50630048,FR5032150062,2017-12-18 04:47:00,62,hiver,FR,2013-01-27T00:00:00,66,laitier,vache,2017-03-16T00:00:00,2017-12-22T00:00:00,1.0,tv_expulsion
FR7274657417_2017-12-17,220,FR-72369100,FR7274657417,2017-12-17 14:53:00,7417,hiver,FR,2015-06-22T00:00:00,66,laitier,genisse,2017-03-04T00:00:00,2017-12-10T00:00:00,,tv_expulsion
FR7274657431_2017-12-16,221,FR-72369100,FR7274657431,2017-12-16 15:09:00,7431,hiver,FR,2015-09-10T00:00:00,66,laitier,genisse,2017-03-07T00:00:00,2017-12-13T00:00:00,,tv_expulsion
FR7274657290_2017-12-15,216,FR-72369100,FR7274657290,2017-12-15 12:10:00,7290,hiver,FR,2013-06-06T00:00:00,66,laitier,vache,2017-03-10T00:00:00,2017-12-16T00:00:00,,tv_expulsion
FR7274657186_2017-12-05,213,FR-72369100,FR7274657186,2017-12-05 07:58:00,7186,hiver,FR,2010-11-03T00:00:00,66,laitier,vache,2017-03-03T00:00:00,2017-12-09T00:00:00,,tv_expulsion
FR5368511961_2017-12-02,144,FR-53090050,FR5368511961,2017-12-02 08:21:00,1961,hiver,FR,2015-10-14T00:00:00,66,laitier,genisse,2017-03-09T00:00:00,2017-12-15T00:00:00,,tv_expulsion
FR7227581252_2017-11-25,208,FR-72082007,FR7227581252,2017-11-25 19:02:00,1252,automne,FR,2013-07-18T00:00:00,66,laitier,vache,2017-02-16T00:00:00,2017-11-24T00:00:00,,tv_expulsion
FR2219093235_2017-11-23,117,FR-50630048,FR2219093235,2017-11-23 09:52:00,3235,automne,FR,2014-07-01T00:00:00,66,laitier,vache,,,,tv_expulsion
FR7227581264_2017-11-16,210,FR-72082007,FR7227581264,2017-11-16 10:46:00,1264,automne,FR,2013-11-16T00:00:00,66,laitier,vache,2017-02-07T00:00:00,2017-11-15T00:00:00,,tv_expulsion
FR5033840331_2017-11-09,70,FR-50217023,FR5033840331,2017-11-09 18:09:00,331,automne,FR,2014-11-10T00:00:00,66,laitier,vache,2017-01-27T00:00:00,2017-11-04T00:00:00,1.0,tv_expulsion
FR5033840070_2017-11-07,67,FR-50217023,FR5033840070,2017-11-07 23:19:00,70,automne,FR,2012-09-03T00:00:00,39,laitier,vache,,,,tv_expulsion
FR5352486807_2017-11-07,160,FR-53100355,FR5352486807,2017-11-07 10:56:00,6807,automne,FR,2014-06-23T00:00:00,66,laitier,vache,2017-01-25T00:00:00,2017-11-02T00:00:00,,tv_expulsion
FR5032150200_2017-11-04,120,FR-50630048,FR5032150200,2017-11-04 16:56:00,200,automne,FR,2014-11-27T00:00:00,66,laitier,vache,2017-01-31T00:00:00,2017-11-08T00:00:00,1.0,tv_expulsion
FR5033840443_2017-11-03,75,FR-50217023,FR5033840443,2017-11-03 13:50:00,443,automne,FR,2015-10-14T00:00:00,66,laitier,genisse,2017-01-28T00:00:00,2017-11-05T00:00:00,1.0,tv_expulsion
FR5033840009_2017-10-28,65,FR-50217023,FR5033840009,2017-10-28 21:02:00,9,automne,FR,2012-02-26T00:00:00,66,laitier,vache,,,,tv_expulsion
FR5368511955_2017-10-26,143,FR-53090050,FR5368511955,2017-10-26 19:53:00,1955,automne,FR,2015-09-28T00:00:00,66,laitier,genisse,,,,tv_expulsion
FR5033840173_2017-10-24,68,FR-50217023,FR5033840173,2017-10-24 11:39:00,173,automne,FR,2013-07-05T00:00:00,66,laitier,vache,,,,tv_expulsion
FR5352486691_2017-10-23,155,FR-53100355,FR5352486691,2017-10-23 15:29:00,6691,automne,FR,2013-05-26T00:00:00,66,laitier,vache,2017-01-13T00:00:00,2017-10-21T00:00:00,,tv_expulsion
FR7607016287_2017-10-22,224,FR-76001145,FR7607016287,2017-10-22 12:00:00,6287,automne,FR,2014-01-31T00:00:00,66,laitier,vache,2017-01-06T00:00:00,2017-10-14T00:00:00,1.0,tv_expulsion
FR5352486808_2017-10-21,161,FR-53100355,FR5352486808,2017-10-21 19:24:00,6808,automne,FR,2014-06-24T00:00:00,66,laitier,vache,2017-01-18T00:00:00,2017-10-26T00:00:00,,tv_expulsion
FR7607016332_2017-10-20,225,FR-76001145,FR7607016332,2017-10-20 08:35:00,6332,automne,FR,2014-11-23T00:00:00,66,laitier,vache,2017-01-11T00:00:00,2017-10-19T00:00:00,1.0,tv_expulsion
FR5352486339_2017-10-18,145,FR-53100355,FR5352486339,2017-10-18 09:54:00,6339,automne,FR,2009-08-28T00:00:00,66,laitier,vache,,,,tv_expulsion
FR5032150174_2017-10-17,119,FR-50630048,FR5032150174,2017-10-17 14:05:00,174,automne,FR,2014-09-07T00:00:00,66,laitier,vache,2017-01-16T00:00:00,2017-10-24T00:00:00,1.0,tv_expulsion
FR5352486606_2017-10-16,149,FR-53100355,FR5352486606,2017-10-16 10:30:00,6606,automne,FR,2012-05-26T00:00:00,66,laitier,vache,2017-01-13T00:00:00,2017-10-21T00:00:00,,tv_expulsion
FR5033840436_2017-10-14,72,FR-50217023,FR5033840436,2017-10-14 05:11:00,436,automne,FR,2015-09-09T00:00:00,66,laitier,genisse,2017-01-09T00:00:00,2017-10-17T00:00:00,1.0,tv_expulsion
FR5300174602_2017-10-11,126,FR-53011094,FR5300174602,2017-10-11 05:36:00,4602,automne,FR,2013-08-30T00:00:00,66,laitier,vache,2017-01-02T00:00:00,2017-10-10T00:00:00,,tv_expulsion
FR5032150291_2017-10-10,123,FR-50630048,FR5032150291,2017-10-10 02:50:00,291,automne,FR,2016-01-01T00:00:00,66,laitier,genisse,2016-12-30T00:00:00,2017-10-07T00:00:00,,tv_expulsion
FR5032150267_2017-10-09,122,FR-50630048,FR5032150267,2017-10-09 12:00:00,267,automne,FR,2015-10-27T00:00:00,66,laitier,genisse,2017-01-03T00:00:00,2017-10-11T00:00:00,1.0,tv_expulsion
FR5032150248_2017-10-09,121,FR-50630048,FR5032150248,2017-10-09 01:25:00,248,automne,FR,2015-09-13T00:00:00,66,laitier,genisse,2017-01-03T00:00:00,2017-10-11T00:00:00,1.0,tv_expulsion
FR7227581220_2017-10-07,207,FR-72082007,FR7227581220,2017-10-07 07:11:00,1220,automne,FR,2011-12-30T00:00:00,66,laitier,vache,2017-01-02T00:00:00,2017-10-10T00:00:00,,tv_expulsion
FR7227581253_2017-10-04,209,FR-72082007,FR7227581253,2017-10-04 17:29:00,1253,automne,FR,2013-07-27T00:00:00,66,laitier,vache,2016-12-26T00:00:00,2017-10-03T00:00:00,,tv_expulsion
